cliente_id,name,gender,age,city
1763292026112,Billy,male,47,Huraymila
1763292026496,Rene,male,50,Thadiq
1763292027712,Nina,female,64,Jubail
1763292089216,Alisa,female,39,Wadi Addawasir
1763292259520,Sheryl,female,71,Jeddah
1763292260416,Ivonne,female,72,Dammam
1763292080256,Begüm,female,53,Baljurashi
1763292089472,Klaus,male,35,Taif
1763292256512,Yvonne,female,72,Jubail
1763292255872,Rodrigo,male,54,Sarat Abidah
1763292270848,Arne,male,65,Al Bahah
1763292261056,Ievstafiy,male,72,Rabigh
1763292025152,Bratislav,male,37,Unaizah
1763292026496,Lucia,female,40,Ad-Dilam
1763292089856,Maria,female,64,Jizan
1763292260480,Tasso,male,77,Al Bukayriyah
1763250245952,Anthony,male,29,Hotat Bani Tamim
1763292025792,Willie,male,42,Taif
1763292024896,Liva,female,38,Al Wajh
1763292026112,Patrik,male,74,As Sulayyil
1763292027136,فاطمه زهرا,female,64,Ad-Dilam
1763292261504,Bartosz,male,60,Al-Mubarraz
1763292257088,Koray,male,72,Tayma
1763292255616,Cecilie,female,53,Ras Tanura
1763292027072,Antoine,male,59,Wadi Addawasir
1763257689664,Cyrelle,female,29,Jizan
1763292025024,Becky,female,28,Turaif
1763292027392,Alexandra,female,25,Rafha
1763292256000,Shawn,male,57,Al Bukayriyah
1763292026304,Jade,female,54,Thadiq
1763292027328,Luna,female,26,Al Wajh
1763292256256,Dimas,male,35,Riyadh
1763292027904,Adrien,male,45,Huraymila
1763292028032,Elli,female,30,Thadiq
1763292256704,Râdamas,male,70,Wadi Addawasir
1763285542592,Aleksej,male,45,Rafha
1763292156864,Divyesh,male,69,Jeddah
1763292257152,Adam,male,37,Umluj
1763292155968,Ellie,female,37,Hotat Bani Tamim
1763292027008,Nathan,male,69,Wadi Addawasir
1763292025728,Bobbie,female,32,Al Qunfudhah
1763292027968,Jakob,male,76,Wadi Addawasir
1763292089792,Tanish,male,66,Abha
1763292026624,Wyatt,male,33,Medina
1763292259520,Elvira,female,25,Taif
1763292260992,Gopal,male,34,Baljurashi
1763292256192,Charlie,female,27,Duba
1763292020544,Babür,male,63,Jizan
1763292025088,Eugenio,male,75,Ar Rass
1763292260224,Vincent,male,56,Jubail
1763292260160,Ömür,female,26,Unaizah
1763292261120,Marshall,male,32,Rabigh
1763292026048,Levi,male,45,Riyadh
1763292027648,Jeffrey,male,77,Khaybar
1763292256640,Maëlys,female,49,Ha'il
1763292255552,Kenan,male,71,Al-Mubarraz
1763292158080,Jackson,male,63,Ranyah
1763292257280,Susie,female,23,Badr
1763292089536,Jochen,male,32,Dhahran
1763292028096,Monica,female,36,Umluj
1763291262528,Clara,female,46,Duba
1763292063808,Elba,female,65,Riyadh
1763292027712,یاسمین,female,51,Al Bahah
1763292089216,Afşar,female,43,Huraymila
1763292259904,Laure,female,25,Thadiq
1763292260416,Mille,male,40,Jubail
1763292080256,Mille,male,56,Hotat Bani Tamim
1763292089472,Diana,female,25,Unaizah
1763292256512,Judit,female,33,Farasan
1763292255872,Eline,female,46,Rabigh
1763292270848,Deepak,male,77,Khamis Mushait
1763292261056,Tristan,male,51,Uyun AlJiwa
1763292025152,Juliette,female,30,Al-'Ula
1763292026496,Patrick,male,58,Thadiq
1763292089856,Fabiola,female,75,Al-'Ula
1763292260480,James,male,71,Khamis Mushait
1763250245952,Alexandra,female,58,Jeddah
1763292025792,Buse,female,61,Sarat Abidah
1763292024896,Mehar,female,38,Hafr Al-Batin
1763292026112,Julio,male,30,Hotat Bani Tamim
1763292027136,Traudel,female,59,Huraymila
1763292261504,Sammy,male,56,Farasan
1763292257088,Lyubodar,male,74,Medina
1763292255616,Louka,male,41,Ranyah
1763292027072,Lorena,female,25,Rabigh
1763257689664,Marie-Christine,female,33,Al Bukayriyah
1763292025024,Eileen,female,46,Ad-Dilam
1763292027392,Annie,female,66,Riyadh
1763292256000,Kathrine,female,70,Baljurashi
1763292026304,Tristan,male,74,Tabuk
1763292027328,Okan,male,22,Ras Tanura
1763292256256,Mattias,male,66,Sharurah
1763292027904,Andreas,male,35,Thadiq
1763292028032,Francisca,female,28,Tayma
1763292256704,Jonathan,male,57,Farasan
1763285542592,Sara,female,23,Khobar
1763292156864,Ronja,female,56,Farasan
1763292257152,Angela,female,42,Badr
1763292155968,Magdalena,female,38,Riyadh
1763292027008,Zlatous,male,30,Rafha
1763292025728,Mateo,male,75,Tabuk
1763292027968,Ludmila,female,60,Hotat Bani Tamim
1763292089792,Emma,female,39,Ranyah
1763292026624,Anoeska,female,32,Ar Rass
1763292259520,Adam,male,60,Medina
1763292260992,Sophie,female,66,Sarat Abidah
1763292256192,Atrey,male,26,Al Lith
1763292020544,Wayne,male,31,Al Bukayriyah
1763292025088,Ronja,female,46,Al-Mubarraz
1763292260224,Nikolaj,male,49,Unaizah
1763292260160,Jesus,male,73,Mecca
1763292261120,Frida,female,58,Sarat Abidah
1763292026048,Guy,male,67,Al Bahah
1763292027648,Imran,male,34,Tabuk
1763292256640,Marie,female,66,Medina
1763292255552,Miriam,female,71,Tabuk
1763292158080,Ramiro,male,64,Umluj
1763292257280,Pranit,male,33,Tayma
1763292089536,Leo,male,69,Al Bahah
1763292028096,Goran,male,22,Wadi Addawasir
1763291262528,Mehar,female,56,Umluj
1763292063808,Ojas,male,65,Duba
1763292027712,Mira,female,75,Al Lith
1763292089216,Caitlin,female,48,Al Bukayriyah
1763292259904,Karina,female,48,Hafr Al-Batin
1763292260416,Jasper,male,54,Khamis Mushait
1763292080256,Bérénice,female,70,Al Lith
1763292089472,Aaron,male,46,Khamis Mushait
1763292256512,Armin,male,66,Ad-Dilam
1763292255872,Mariano,male,39,Buraydah
1763292270848,Viktorija,female,31,As Sulayyil
1763292261056,Ken,male,41,Medina
1763292025152,آیلین,female,62,Dammam
1763292026496,Hennie,female,23,Jubail
1763292089856,Milomir,male,56,Ras Tanura
1763292260480,Héctor,male,28,Unaizah
1763250245952,Hvalimir,male,30,Rafha
1763292025792,Ava,female,31,Unaizah
1763292024896,José,male,37,Jizan
1763292026112,Andrea,female,24,Ar Rass
1763292027136,Ariane,female,30,Khobar
1763292261504,Kassandra,female,48,Al Qunfudhah
1763292257088,Marilou,female,41,Khamis Mushait
1763292255616,Fatih,male,45,Al Wajh
1763292027072,Julius,male,48,Sharurah
1763257689664,Arndt,male,59,Al Bukayriyah
1763292025024,Milan,male,23,Huraymila
1763292027392,Elias,male,55,Ar Rass
1763292256000,Jeanne,female,50,Farasan
1763292026304,Ramberto,male,74,Hotat Bani Tamim
1763292027328,Chloé,female,72,Tayma
1763292256256,Lilou,female,71,Mecca
1763292027904,بنیامین,male,74,Wadi Addawasir
1763292028032,Helle,female,26,Sharurah
1763292256704,Humberto,male,31,Jubail
1763285542592,Anabel,female,74,Abha
1763292156864,Tabea,female,78,Uyun AlJiwa
1763292257152,Mehmet,male,24,Umluj
1763292155968,نیایش,female,51,Abha
1763292027008,Ryan,male,33,Hafr Al-Batin
1763292025728,Youssef,male,28,Mecca
1763292027968,Thorben,male,65,Umluj
1763292089792,Henny,female,49,Sharurah
1763292026624,Lloyd,male,46,Al Bahah
1763292259520,Riley,male,36,Al Lith
1763292260992,Xanthe,female,52,Al Wajh
1763292256192,Malthe,male,26,Taif
1763292020544,Simão,male,35,Jeddah
1763292025088,Miguel Ángel,male,65,Farasan
1763292260224,Iida,female,76,As Sulayyil
1763292260160,Delphine,female,25,Al Qunfudhah
1763292261120,Ronith,male,71,Hafr Al-Batin
1763292026048,Erica,female,63,Baljurashi
1763292027648,آرمیتا,female,40,As Sulayyil
1763292256640,Yasemin,female,36,Al Majma'ah
1763292255552,Taha,male,75,Al Bahah
1763292158080,Cecilie,female,27,Sharurah
1763292257280,آیلین,female,59,Badr
1763292089536,Luis,male,41,Ha'il
1763292028096,Elvira,female,22,Khaybar
1763291262528,Evan,male,60,Hotat Bani Tamim
1763292063808,Tony,male,41,Unaizah
1763292027712,Felix,male,52,Taif
1763292089216,Aria,female,37,Mecca
1763292259904,رها,female,21,Turaif
1763292260416,Jack,male,57,Ad-Dilam
1763292080256,Lavanya,female,50,Rabigh
1763292089472,Maria-Luise,female,31,Rabigh
1763292256512,Fedora,female,25,Al Wajh
1763292255872,Valentino,male,66,Khobar
1763292270848,Oona,female,56,Uyun AlJiwa
1763292261056,Milomir,male,46,Umluj
1763292025152,Xavier,male,59,Al-Mubarraz
1763292026496,Carla,female,69,Jubail
1763292089856,Konsta,male,57,Unaizah
1763292260480,Alexandra,female,60,Sharurah
1763250245952,Gaëtan,male,62,Khobar
1763292025792,Budimil,male,46,Duba
1763292024896,Flynn,male,76,Al Bukayriyah
1763292026112,Georg,male,56,Al Majma'ah
1763292027136,Martha,female,45,Al Lith
1763292261504,Iddo,male,52,Dhahran
1763292257088,Naja,female,48,Ha'il
1763292255616,Goran,male,51,Uyun AlJiwa
1763292027072,Rebecca,female,27,Umluj
1763257689664,Andréa,female,32,Rabigh
1763292025024,Eva-Maria,female,30,Ad-Dilam
1763292027392,Mauro,male,26,Dammam
1763292256000,Evan,male,35,Al Lith
1763292026304,Amber,female,34,Al Qunfudhah
1763292027328,Wilma,female,28,Al Qunfudhah
1763292256256,Neva,female,45,Medina
1763292027904,Valeriya,female,58,Al-'Ula
1763292028032,Hristofor,male,36,Sarat Abidah
1763292256704,Elmano,male,65,Dammam
1763285542592,Shambhavi,female,46,Medina
1763292156864,Kenzi,female,36,Ad-Dilam
1763292257152,Petko,male,30,Al-Mubarraz
1763292155968,Eemeli,male,67,Jizan
1763292027008,Alexandra,female,23,Al-Mubarraz
1763292025728,Katrina,female,37,Al Lith
1763292027968,Joanna,female,48,Jubail
1763292089792,میلاد,male,62,Al-'Ula
1763292026624,Larry,male,55,Taif
1763292259520,Estela,female,43,Sharurah
1763292260992,Gloria,female,25,Jizan
1763292256192,Alisha,female,62,Thadiq
1763292020544,Ievstafiy,male,72,Ad-Dilam
1763292025088,Darpan,male,42,Buraydah
1763292260224,Tiago,male,77,Rabigh
1763292260160,Marie-Christine,female,33,Umluj
1763292261120,Thomas,male,38,Sharurah
1763292026048,Enya,female,37,Taif
1763292027648,Addison,female,37,Buraydah
1763292256640,Mestan,female,52,As Sulayyil
1763292255552,Bernabé,female,29,Uyun AlJiwa
1763292158080,Marie-Christine,female,33,Ar Rass
1763292257280,Cauani,female,47,Taif
1763292089536,Dieter,male,66,Ad-Dilam
1763292028096,Becky,female,36,Taif
1763291262528,Emilio,male,76,Ad-Dilam
1763292063808,Arnulf,male,54,Ad-Dilam
1763292027712,Marie-Christine,female,33,Sharurah
1763292089216,Robert,male,31,Tayma
1763292259904,Isaac,male,55,Umluj
1763292260416,Marie-Christine,female,33,Thadiq
1763292080256,Clara,female,43,Jizan
1763292089472,Thilo,male,77,Ad-Dilam
1763292256512,Darryl,male,37,Ar Rass
1763292255872,Mattie,female,53,Al Majma'ah
1763292270848,Mariana,female,75,Umluj
1763292261056,Beverly,female,51,Khobar
1763292025152,Arno,male,30,Ad-Dilam
1763292026496,Alexei,male,41,Sharurah
1763292089856,Christian,male,34,Thadiq
1763292260480,Emil,male,58,Khamis Mushait
1763250245952,Pablo,male,34,Rabigh
1763292025792,Alfredo,male,56,Farasan
1763292024896,Oscar,male,26,Buraydah
1763292026112,Antonia,female,66,Taif
1763292027136,Tércio,male,71,Al-Mubarraz
1763292261504,Marie-Christine,female,33,Sharurah
1763292257088,Ron,male,31,Ar Rass
1763292255616,Matthew,male,72,Medina
1763292027072,Jim,male,61,Ad-Dilam
1763257689664,Marie-Christine,female,33,Farasan
1763292025024,Isobel,female,50,Dhahran
1763292027392,Miguel,male,29,Rabigh
1763292256000,Nathan,male,57,Al Majma'ah
1763292026304,Onni,male,60,Abha
1763292027328,Mestan,female,38,Thadiq
1763292256256,Davie,male,76,Thadiq
1763292027904,Victoria,female,51,Khamis Mushait
1763292028032,Deann,female,35,Al Majma'ah
1763292256704,Necati,male,44,Dammam
1763285542592,Aubree,female,46,Khobar
1763292156864,Marie-Christine,female,33,Abha
1763292257152,Lewis,male,31,Uyun AlJiwa
1763292155968,Marie-Christine,female,33,Turaif
1763292027008,Yamina,female,58,Turaif
1763292025728,Topias,male,65,Ad-Dilam
1763292027968,Rasmus,male,32,Dhahran
1763292089792,Necati,male,44,Buraydah
1763292026624,Clara,female,38,Sharurah
1763292259520,Marie-Christine,female,33,Sarat Abidah
1763292260992,Karla,female,42,Duba
1763292256192,یاسمین,female,35,Rafha
1763292020544,Bojana,female,56,Huraymila
1763292025088,Antonio,male,39,Abha
1763292260224,Victor,male,24,Khamis Mushait
1763292260160,Amós,male,33,Taif
1763292261120,Halvard,male,37,Mecca
1763292026048,Katherine,female,61,Buraydah
1763292027648,Yasemin,female,59,Tabuk
1763292256640,Alfred,male,34,Uyun AlJiwa
1763292255552,Anka,female,44,Unaizah
1763292158080,Victor,male,53,Sharurah
1763292257280,Emile,male,62,Farasan
1763292089536,Joseph,male,73,Khamis Mushait
1763292028096,Latife,female,62,Riyadh
1763291262528,Larry,male,41,Dammam
1763292063808,Teodora,female,71,Khamis Mushait
1763292027712,Lidório,male,50,Ranyah
1763292089216,Bertram,male,65,Huraymila
1763292259904,Willi,male,58,Taif
1763292260416,Raphael,male,37,Ras Tanura
1763292080256,Gennaro,male,61,Ranyah
1763292089472,Sharifa,female,75,Khobar
1763292256512,Charlie,male,50,Abha
1763292255872,Todd,male,69,Al Wajh
1763292270848,Jeet,male,60,Ras Tanura
1763292261056,Ignjat,male,35,Al-'Ula
1763292025152,Angela,female,23,Thadiq
1763292026496,Diego,male,46,Jeddah
1763292089856,Alexis,female,58,Medina
1763292260480,Gonca,female,69,Riyadh
1763250245952,Wallace,male,40,Rafha
1763292025792,Leah,female,24,Turaif
1763292024896,Iiris,female,53,Jeddah
1763292026112,Ingetraud,female,44,Rabigh
1763292027136,Abigail,female,29,Dhahran
1763292261504,Tyler,male,66,Al-Mubarraz
1763292257088,Esma,female,71,Tayma
1763292255616,Teresa,female,74,Umluj
1763292027072,Germaine,female,36,Khamis Mushait
1763257689664,Marie-Christine,female,33,Rafha
1763292025024,Rita,female,43,As Sulayyil
1763292027392,Maia,female,68,Tayma
1763292256000,Belén,female,66,Hafr Al-Batin
1763292026304,Bronislava,female,47,Ranyah
1763292027328,Marie-Christine,female,33,Sarat Abidah
1763292256256,Isobel,female,50,Turaif
1763292027904,Matthew,male,72,Ha'il
1763292028032,Ishita,female,69,Jeddah
1763292256704,Sophia,female,25,Tabuk
1763285542592,Hudson,male,38,Baljurashi
1763292156864,Aubree,female,46,Jubail
1763292257152,Hailey,female,29,Al Qunfudhah
1763292155968,Oliwier,male,54,Al-Mubarraz
1763292027008,Rosemary,female,45,Sharurah
1763292025728,Jeannine,female,32,Wadi Addawasir
1763292027968,Alex,male,61,Ras Tanura
1763292089792,Arkadiy,male,40,Ar Rass
1763292026624,Gonca,female,69,Sarat Abidah
1763292259520,Kaća,female,38,Uyun AlJiwa
1763292260992,Saphira,female,22,Ras Tanura
1763292256192,Çetin,male,36,Al Lith
1763292020544,Homero,male,54,Al Bukayriyah
1763292025088,Sonia,female,54,Khobar
1763292260224,Rita,female,22,Al Lith
1763292260160,Johan,male,71,Al Bukayriyah
1763292261120,Simon,male,75,Ar Rass
1763292026048,Elias,male,77,Abha
1763292027648,Necati,male,44,Abha
1763292256640,Kassandra,female,24,Farasan
1763292255552,Levi,male,47,Sharurah
1763292158080,Oscar,male,26,Mecca
1763292257280,Rudolfo,male,38,Buraydah
1763292089536,یلدا,female,73,Umluj
1763292028096,Travis,male,45,Duba
1763291262528,نيما,male,46,As Sulayyil
1763292063808,Helene,female,71,Sharurah
1763292027712,Caroline,female,29,Badr
1763292089216,Vicente,male,56,Uyun AlJiwa
1763292259904,Inka,female,39,Huraymila
1763292260416,Cecil,male,76,Huraymila
1763292080256,بهار,female,54,Al Wajh
1763292089472,Lisa,female,60,Hotat Bani Tamim
1763292256512,Goran,male,33,Turaif
1763292255872,Sally,female,52,Hotat Bani Tamim
1763292270848,Marie-Christine,female,33,Medina
1763292261056,Sofia,female,57,Tayma
1763292025152,Deann,female,35,Al-'Ula
1763292026496,Mohammad,male,36,Badr
1763292089856,Ashley,female,27,Abha
1763292260480,Pablo,male,34,Al Lith
1763250245952,Lourdes,female,72,Al Bahah
1763292025792,Alisha,female,62,Ad-Dilam
1763292024896,Miguel Ángel,male,63,Huraymila
1763292026112,Marie-Christine,female,33,Al Bukayriyah
1763292027136,Gülhan,female,66,Umluj
1763292261504,Jörgen,male,49,Dhahran
1763292257088,Oliver,male,37,Al Wajh
1763292255616,Rita,female,41,Sharurah
1763292027072,Aubree,female,46,Khamis Mushait
1763257689664,Aline,female,44,Ranyah
1763292025024,Jorien,female,49,Ar Rass
1763292027392,Melike,female,62,Khobar
1763292256000,Arttu,male,23,Al Bukayriyah
1763292026304,Rohan,male,65,Ha'il
1763292027328,Antoine,male,42,Buraydah
1763292256256,سارینا,female,46,Sharurah
1763292027904,Simeon,male,26,Abha
1763292028032,Laila,female,45,Turaif
1763292256704,Nataša,female,70,Unaizah
1763285542592,Lilli,female,40,Medina
1763292156864,Berta,female,29,Dhahran
1763292257152,Magarete,female,72,Jubail
1763292155968,Colleen,female,55,Farasan
1763292027008,Antoine,male,26,Riyadh
1763292025728,Melanie,female,64,Hotat Bani Tamim
1763292027968,Rita,female,41,Sharurah
1763292089792,Graciela,female,59,Mecca
1763292026624,Latife,female,73,Wadi Addawasir
1763292259520,Laurits,male,75,Al Majma'ah
1763292260992,Marinice,female,50,Al Bahah
1763292256192,Dick,male,36,Khaybar
1763292020544,Jade,female,32,Wadi Addawasir
1763292025088,Victoria,female,51,Hotat Bani Tamim
1763292260224,Ana Luisa,female,60,Ha'il
1763292260160,Silke,female,49,Al-Mubarraz
1763292261120,Hailey,female,29,Hotat Bani Tamim
1763292026048,Areusa,female,60,Medina
1763292027648,Oscar,male,59,Ar Rass
1763292256640,Aubree,female,46,Baljurashi
1763292255552,Zlatan,male,66,Farasan
1763292158080,Onur,male,62,Ha'il
1763292257280,Nathan,male,77,Jeddah
1763292089536,Sandra,female,24,Dhahran
1763292028096,Rita,female,41,Rafha
1763291262528,Mathea,female,55,Umluj
1763292063808,Victor,male,77,Ras Tanura
1763292027712,Andreas,male,38,Khaybar
1763292089216,Karina,female,56,Rafha
1763292259904,Jeet,male,60,Hotat Bani Tamim
1763292260416,Hailey,female,29,Abha
1763292080256,Ece,female,40,Thadiq
1763292089472,Mathias,male,29,Ar Rass
1763292256512,Necati,male,44,Hafr Al-Batin
1763292255872,Volkan,male,39,Wadi Addawasir
1763292270848,Andrina,female,29,Al Bukayriyah
1763292261056,Eira,female,57,Unaizah
1763292025152,Rafael,male,70,Al Majma'ah
1763292026496,Marie-Christine,female,33,Uyun AlJiwa
1763292089856,Aubree,female,46,Hotat Bani Tamim
1763292260480,Ben,male,59,Khobar
1763250245952,Martha,female,29,Turaif
1763292025792,Necati,male,44,Duba
1763292024896,Oscar,male,26,Baljurashi
1763292026112,Nelli,female,30,Al Wajh
1763292027136,Arturo,male,39,Uyun AlJiwa
1763292261504,Irene,female,69,Hafr Al-Batin
1763292257088,Jeet,male,60,Mecca
1763292255616,Ethan,male,62,Al-Mubarraz
1763292027072,Lillian,female,72,Khaybar
1763257689664,Jeppe,male,40,Farasan
1763292025024,Dragica,female,57,Ranyah
1763292027392,Valdemar,male,41,Buraydah
1763292256000,Onur,male,37,Dhahran
1763292026304,Nils,male,45,Tayma
1763292027328,Angelina,female,41,Ar Rass
1763292256256,Ray,male,68,Jizan
1763292027904,Jennifer,female,54,Duba
1763292028032,Isabella,female,60,Badr
1763292256704,Benjamin,male,69,Al Majma'ah
1763285542592,زهرا,female,64,Tabuk
1763292156864,Méline,female,59,Tabuk
1763292257152,Mateja,male,73,As Sulayyil
1763292155968,Leo,male,71,Dammam
1763292027008,Mareile,female,77,Al Bukayriyah
1763292025728,Alex,male,56,Ad-Dilam
1763292027968,Yaromil,male,75,Sharurah
1763292089792,Gabrielle,female,76,Buraydah
1763292026624,Clara,female,57,As Sulayyil
1763292259520,Ricardo,male,22,Al Qunfudhah
1763292260992,Sandra,female,37,Rafha
1763292256192,Oleksandr,male,66,Baljurashi
1763292020544,Ana,female,72,Al-'Ula
1763292025088,Anupama,female,61,Al Wajh
1763292260224,Oscar,male,26,Khaybar
1763292260160,Karan,male,40,Al Wajh
1763292261120,Bryachislav,male,74,Dammam
1763292026048,Mércia,female,50,Rabigh
1763292027648,Sheryl,female,73,Abha
1763292256640,Staniša,male,46,Ranyah
1763292255552,Caroline,female,68,Tayma
1763292158080,Kriemhild,female,27,Al Majma'ah
1763292257280,Liselotte,female,34,Khamis Mushait
1763292089536,Ceyhan,female,26,Rafha
1763292028096,Jilke,male,68,Jeddah
1763291262528,Alfredo,male,71,Ranyah
1763292063808,Clara,female,37,Umluj
1763292027712,Alisa,female,72,Jizan
1763292089216,Estevão,male,34,Jizan
1763292259904,Jeannette,female,67,Al-Mubarraz
1763292260416,Farah,male,71,Jeddah
1763292080256,آوین,female,41,Jizan
1763292089472,Merdan,male,49,Tayma
1763292256512,اميرمحمد,male,34,Al Qunfudhah
1763292255872,Jean,male,52,Buraydah
1763292270848,Solène,female,56,Khaybar
1763292261056,Wulf,male,71,Jizan
1763292025152,Zeferino,male,26,Ar Rass
1763292026496,Lily,female,54,Tayma
1763292089856,Shannon,female,59,Taif
1763292260480,محیا,female,76,Jubail
1763250245952,Fatma,female,51,Hotat Bani Tamim
1763292025792,Leon,male,43,Al Bukayriyah
1763292024896,Marcus,male,35,Sarat Abidah
1763292026112,Clara,female,38,Medina